Ticker,Signal_Date,Action_Rank,Action_Status,Long_Term_Status,Entry_Timing_Status,Score,Trend_Score,Daily_Change_Pct,Close_Below_EMA20,Distance_From_20D_High_Pct,Return_5D_Pct,Lower_High_Day,Lower_Low_Day,Distribution_Days_50,ATR_Pct,Forward_21D_Return_Pct,Forward_63D_Return_Pct
FTCI,2023-07-31,2,Watchlist Candidate,Watchlist Candidate,Clean,77,12,3.26087170602698,False,-1.2987012987012991,0.2638482060556502,False,False,6.0,6.387217242018621,-44.9468042473815,-70.21276525589822
FTCI,2025-07-18,2,Watchlist Candidate,Watchlist Candidate,Clean,76,22,0.0,False,-3.809520176478798,-1.3671815700944112,True,False,4.0,7.042432678217106,16.274508612286965,84.70588730280797
FTCI,2025-08-18,2,Watchlist Candidate,Watchlist Candidate,Clean,81,22,5.141843416988112,False,-15.285716738019673,26.709402689096763,False,False,4.0,11.92001893288252,16.499996185302734,73.83333841959636
FTCI,2025-09-17,1,Actionable Momentum Candidate,Momentum Candidate,Clean,100,30,0.8658000615553441,False,-3.7190144525003244,10.252359666978151,False,False,3.0,6.481709196488529,32.86318580480694,34.978836232198304
FTCI,2025-10-16,1,Actionable Momentum Candidate,Momentum Candidate,Clean,100,30,6.8027256488661925,False,-0.8421044600637306,18.193228660893457,False,False,0.0,5.791627992044672,11.909878183450928,32.29614085238022
FTCI,2025-11-14,1,Actionable Momentum Candidate,Momentum Candidate,Clean,88,30,-5.4397048261195735,False,-8.908292760529047,26.118497313798272,True,True,3.0,9.0261591120058,-6.17647182570199,-15.49019562011037
FTCI,2025-12-16,1,Actionable Momentum Candidate,Momentum Candidate,Clean,86,30,3.236237564684208,False,-5.714285177382495,2.134469708728326,False,False,5.0,6.461413473221896,28.84012870318624,-54.649944712797534
FTCI,2026-01-16,1,Actionable Momentum Candidate,Momentum Candidate,Clean,86,30,6.064515472740251,False,-3.294118245442712,3.613448058487334,False,False,4.0,7.316649399021646,-27.25738727368746,-59.7468368998069
DOCU,2019-09-18,1,Actionable Momentum Candidate,Momentum Candidate,Clean,85,20,2.261708686059305,False,-1.3711453161901366,0.0,False,False,2.0,4.642971321198589,5.686678428397918,16.632339628782166
DOCU,2019-10-17,1,Actionable Momentum Candidate,Momentum Candidate,Clean,100,30,-0.5070032064846908,False,-2.127030933239382,-0.6255558128737015,True,False,2.0,3.026291320413851,1.8482279055381357,8.98571818680196
DOCU,2019-11-15,1,Actionable Momentum Candidate,Momentum Candidate,Clean,99,30,0.04427864102860557,False,-3.019030803803502,1.573498230993553,True,True,2.0,2.768830595792593,9.113802001393134,35.58090295259137
DOCU,2019-12-17,1,Actionable Momentum Candidate,Momentum Candidate,Clean,99,30,-0.013582477340268184,False,-3.474045055436137,1.1539996253955742,True,True,3.0,3.4468689794692287,-1.1179273508962972,3.449214494788966
DOCU,2020-01-17,1,Actionable Momentum Candidate,Momentum Candidate,Clean,86,30,-0.7526040475878792,True,-5.817430505986065,-3.0736375724680354,True,True,4.0,2.6562408240942386,26.454733646600737,40.70491388907313
DOCU,2020-02-19,1,Actionable Momentum Candidate,Momentum Candidate,Clean,100,30,0.8043143569381295,False,-1.1453324181907143,7.219027189183769,False,False,3.0,2.6200376426994216,-17.32403763058834,38.61408031463232
DOCU,2020-06-15,1,Actionable Momentum Candidate,Momentum Candidate,Clean,100,30,8.027885689181513,False,-0.6169789405404025,11.020888423093522,False,False,7.0,6.078607436113477,16.90917847509803,23.044739871601916
DOCU,2020-07-29,1,Actionable Momentum Candidate,Momentum Candidate,Clean,95,30,6.313220372426764,False,-3.6175143334173376,2.5345613674053524,False,False,7.0,5.0177586858578715,4.201641665355682,7.799231915307092
DOCU,2020-08-27,1,Actionable Momentum Candidate,Momentum Candidate,Clean,100,30,0.16790289828030325,False,-6.552668249841542,0.13521472897186637,True,False,4.0,4.248065303340882,-2.2059149237672826,2.79751926592664
DOCU,2020-09-28,2,Watchlist Candidate,Watchlist Candidate,Clean,77,30,0.41439295549221544,False,-26.527237907450875,4.009365451860569,False,False,6.0,5.000636907326452,3.7471954423132114,7.02278344646563
DOCU,2020-10-27,2,Watchlist Candidate,Watchlist Candidate,Clean,82,30,0.9152016198420654,True,-9.973664987354924,-2.4648838533546047,True,False,5.0,4.296451983095644,1.6461044593208074,6.1763082048372775
DOCU,2020-11-25,2,Watchlist Candidate,Watchlist Candidate,Clean,75,30,3.1998144778511817,False,-8.882116302242126,4.586593055400101,False,False,1.0,4.743635318267103,1.183115232753451,5.315200891330973
DOCU,2021-01-11,2,Watchlist Candidate,Watchlist Candidate,Clean,72,30,-1.4639677232986315,False,-4.679768537702866,8.340453552592631,True,True,5.0,3.936425875367291,3.9418464743542714,-8.930246887038118
DOCU,2021-02-10,2,Watchlist Candidate,Watchlist Candidate,Clean,83,30,-0.22281577198781655,False,-2.7507910188303897,7.7777300285144735,False,False,7.0,4.171653866050659,-18.39696292332246,-27.145411944666765
DOCU,2021-06-18,1,Actionable Momentum Candidate,Momentum Candidate,Clean,86,30,5.302946203529224,False,-0.5111672276786772,8.466067994941028,False,False,6.0,4.121322376843464,12.075440552765414,3.3220463364033614
DOCU,2021-07-20,1,Actionable Momentum Candidate,Momentum Candidate,Clean,94,30,4.07281248441731,False,-1.545755224290235,6.200647487323607,False,False,3.0,3.2451914397849455,-5.375284604546692,-10.395396523991952
DOCU,2021-08-20,2,Watchlist Candidate,Watchlist Candidate,Clean,82,30,-0.29284491305777705,True,-9.137123164737515,-3.368585052398121,True,False,0.0,3.2346155736353492,-5.522457602248398,-7.954432358818064
DOCU,2024-01-19,2,Watchlist Candidate,Watchlist Candidate,Clean,79,17,3.1668339774086007,False,-2.3183867945197556,3.015488728330995,False,False,3.0,3.6619575706852663,-20.817489879599528,-11.755383863286372
DOCU,2024-03-12,2,Watchlist Candidate,Watchlist Candidate,Clean,74,22,0.8623663400268988,False,-2.223711420358898,12.939360604269279,False,False,3.0,3.4750577495278288,1.5363565774156873,-11.113011151835362
DOCU,2024-04-11,2,Watchlist Candidate,Watchlist Candidate,Clean,72,22,0.3881848814115241,False,-3.0480830943680925,1.1564631190457364,False,False,4.0,2.60807847084108,-3.3477716615268216,-6.09593569553989
DOCU,2024-05-10,2,Watchlist Candidate,Watchlist Candidate,Clean,82,30,1.309357569803371,False,-3.955642936243664,-2.9598670239894043,False,False,1.0,2.4303921269590174,-10.270548354033359,-10.356709370942408
DOCU,2024-10-08,1,Actionable Momentum Candidate,Momentum Candidate,Clean,88,30,6.546672013805344,False,-2.5495338222044306,8.905896098624154,False,False,5.0,2.8058861260836854,12.903715964748264,33.83673117847798
DOCU,2024-11-06,1,Actionable Momentum Candidate,Momentum Candidate,Clean,100,30,4.512113683363972,False,-0.48760560171321465,9.46650980213457,False,False,6.0,2.4239944126453983,41.59608433126678,20.248813586704095
DOCU,2024-12-06,1,Actionable Momentum Candidate,Momentum Candidate,Clean,100,30,27.856115527705107,False,-0.8066036915065022,34.257741982673636,False,False,3.0,3.906440474142028,-15.596417199021651,-24.441306037199794
DOCU,2025-01-08,1,Actionable Momentum Candidate,Momentum Candidate,Clean,89,30,1.4162700767563985,True,-11.643056249359384,-0.47809683511618184,True,True,3.0,3.5977616530545187,1.7811179870909744,-17.979159881160236
DOCU,2025-02-10,2,Watchlist Candidate,Watchlist Candidate,Clean,79,30,0.41997926538410724,True,-8.499498672731253,-5.844558953003565,True,False,3.0,4.233515034364664,-11.055610488779221,-2.4752978334856013
DOCU,2025-03-21,1,Actionable Momentum Candidate,Momentum Candidate,Clean,92,30,3.4660990801160807,False,-0.7215325948904949,2.681897580540782,False,True,5.0,5.3299692804293315,-16.483768440816092,-16.79892267059805
DOCU,2025-05-16,1,Actionable Momentum Candidate,Momentum Candidate,Clean,86,30,2.065151909623486,False,-0.59159195927313,10.961696665939048,False,False,6.0,2.7215041684062395,-17.691717393592654,-21.113436648995975
STX,2019-09-06,1,Actionable Momentum Candidate,Momentum Candidate,Clean,85,17,0.42514484920663786,False,-0.40329497540376735,11.058879526990006,False,False,5.0,2.383581874929611,-1.8847256454446626,7.209512381885741
STX,2019-10-14,1,Actionable Momentum Candidate,Momentum Candidate,Clean,94,30,0.13008677390400347,False,-5.804195193254758,0.4848976900591939,True,True,7.0,2.3464843053419324,7.6308959594806325,12.84812122266359
STX,2019-11-12,1,Actionable Momentum Candidate,Momentum Candidate,Clean,100,30,-0.4806845996512821,False,-1.4115612706237735,0.5202064527190409,True,True,4.0,2.074965328455214,2.410682263834274,-3.2258075186849755
STX,2019-12-12,1,Actionable Momentum Candidate,Momentum Candidate,Clean,86,30,1.915776038420347,False,-2.509493916826877,0.7851153495044727,False,False,2.0,1.9366166653535717,3.2619744292147423,-30.394154271385055
STX,2020-01-14,1,Actionable Momentum Candidate,Momentum Candidate,Clean,98,30,-0.3443234848181098,False,-0.5562829818874904,3.174331924509266,False,False,2.0,1.6817076108098479,-7.85997692914483,-17.05746630912489
STX,2020-12-04,1,Actionable Momentum Candidate,Momentum Candidate,Clean,94,30,2.7751035258291035,False,-0.38868159388395496,9.558823865158539,False,False,4.0,2.201833677837523,-6.130448294522861,17.82690963342062
STX,2021-01-06,2,Watchlist Candidate,Watchlist Candidate,Clean,77,30,-0.482049395383799,True,-10.226425640805047,-1.4647784961064114,True,True,6.0,2.3992461009718133,15.444722659783183,33.000827881244255
STX,2021-02-05,1,Actionable Momentum Candidate,Momentum Candidate,Clean,95,30,2.539871809951011,False,-9.900087301973059,5.021172953589814,False,False,6.0,4.742019020747909,7.850173933332805,31.400684784142776
STX,2021-03-09,1,Actionable Momentum Candidate,Momentum Candidate,Clean,100,30,0.7913143597161332,False,-1.7004518956925452,3.6265926703734186,False,False,5.0,3.7325352604415345,5.513057665524013,32.98602247018705
STX,2021-04-08,1,Actionable Momentum Candidate,Momentum Candidate,Clean,100,30,1.3171237684726167,False,-0.17469352472508914,4.234527687296419,False,True,3.0,2.6330362047467917,14.564564134551517,8.23323571297514
STX,2021-05-07,1,Actionable Momentum Candidate,Momentum Candidate,Clean,100,30,1.7446379954369373,False,-5.724881621447397,-1.3787148101970237,False,False,5.0,3.360794091287805,9.052566330803312,-0.33527748395338897
STX,2021-06-08,1,Actionable Momentum Candidate,Momentum Candidate,Clean,88,30,2.209833017188445,False,-5.0743733079508635,2.6259560621421763,False,True,7.0,3.923152938221049,-14.904083913881582,-13.369408522660276
STX,2021-07-14,2,Watchlist Candidate,Watchlist Candidate,Clean,71,30,1.2655398266463669,False,-4.932633989678181,2.049650487375132,False,False,7.0,2.170275301416349,0.2870731336055421,-12.76360560621087
STX,2021-08-12,2,Watchlist Candidate,Watchlist Candidate,Clean,72,30,-3.5057851042733956,False,-3.863252959559771,-0.07700736375046979,False,True,3.0,2.4787270079313015,-7.156289081552913,9.523274673381588
STX,2021-11-09,1,Actionable Momentum Candidate,Momentum Candidate,Clean,89,30,1.6066308587924905,False,-0.21105435625392577,8.135483822185407,False,True,6.0,2.659598039595902,3.781004223090645,13.006656065926347
STX,2021-12-14,1,Actionable Momentum Candidate,Momentum Candidate,Clean,86,30,0.7474450569919799,False,-6.353411634537287,-5.6026487188880925,True,True,7.0,3.5665487508808464,7.90497957621803,-11.954827329988248
STX,2022-01-13,1,Actionable Momentum Candidate,Momentum Candidate,Clean,94,30,-2.110754171320628,True,-5.804369794625542,-1.3703514443541343,True,True,6.0,2.879955424070176,-3.6320712791771737,-26.078265965286086
STX,2022-02-14,3,Downgraded - Wait,Watchlist Candidate,Wait - Daily Pullback Risk,92,30,-2.3732884304873414,True,-9.313852550263512,-3.024492977109028,True,True,4.0,4.279790467537989,-16.119455854767807,-23.177516170007138
STX,2023-09-01,2,Watchlist Candidate,Watchlist Candidate,Clean,81,17,4.110744448481207,False,-1.087109334002312,14.40546265611422,False,False,3.0,2.484009104874558,-10.444907000765546,8.391508552127934
STX,2023-10-12,2,Watchlist Candidate,Watchlist Candidate,Clean,78,17,-0.3018963367498184,False,-1.0981235628922836,4.097861925829971,False,False,5.0,2.300959512093412,3.7833181940835736,18.629980262850033
STX,2023-11-14,1,Actionable Momentum Candidate,Momentum Candidate,Clean,96,30,2.952945154687092,False,-0.2673398673560201,5.321858367240551,False,False,7.0,2.9400493235159213,14.15384860341764,17.939804230246658
STX,2023-12-14,1,Actionable Momentum Candidate,Momentum Candidate,Clean,100,30,-0.11705311221336112,False,-2.9568957865317436,8.31429697036139,False,False,4.0,2.255109929008352,-1.7798144413185835,0.6482827386829815
STX,2024-01-17,1,Actionable Momentum Candidate,Momentum Candidate,Clean,91,30,-1.7450722440082167,False,-4.196368573246268,4.019474717476212,True,False,4.0,2.4729584918621406,4.072724135194927,-0.6020565951392554
STX,2024-02-15,2,Watchlist Candidate,Watchlist Candidate,Clean,81,30,1.5551274524624015,False,-4.215555426796403,0.5474490821885336,False,False,7.0,2.4444183697100192,-3.1969161365977383,11.370591637453531
STX,2024-05-24,2,Watchlist Candidate,Watchlist Candidate,Clean,84,30,0.7810864156694297,False,-5.05039784371154,-1.133614190946608,True,True,7.0,2.519224088062139,8.157894736842097,10.273686459189957
STX,2024-06-26,1,Actionable Momentum Candidate,Momentum Candidate,Clean,95,30,-0.9543068094811313,False,-4.7817658113204375,-3.0568902057474756,True,True,5.0,2.5908935886312783,0.9542389348146552,4.92697696041644
STX,2024-07-26,1,Actionable Momentum Candidate,Momentum Candidate,Clean,86,30,-0.2693331875362581,True,-8.708285124790006,1.0230956638974664,True,True,6.0,3.1711578906536504,0.6533438635786926,-0.0960784707550344
STX,2024-10-04,2,Watchlist Candidate,Watchlist Candidate,Clean,71,30,-1.4338282575655503,False,-3.326424259672589,-1.3794372167260982,False,True,7.0,2.2579539524137697,-5.844091961786435,-16.005275062371325
STX,2025-06-20,1,Actionable Momentum Candidate,Momentum Candidate,Clean,100,30,-0.2589461766856149,False,-2.0932923953025817,3.8788030704212995,True,True,4.0,2.7347498046919374,10.776085777616506,67.18052797277426
STX,2025-07-22,1,Actionable Momentum Candidate,Momentum Candidate,Clean,100,30,-2.0316837838124435,False,-3.6606251249754584,-1.6504573388119614,True,True,4.0,2.882678165359757,7.645260255949471,45.701666863342425
STX,2025-08-20,1,Actionable Momentum Candidate,Momentum Candidate,Clean,100,30,0.2976009893624232,False,-0.3648269258031078,0.9431530364572449,True,True,4.0,3.1583685392381398,39.806615298111936,60.4271940077241
STX,2025-09-19,1,Actionable Momentum Candidate,Momentum Candidate,Clean,100,30,2.1187206198404196,False,-0.19399437312371814,12.878202728177058,False,False,1.0,3.130549608564723,-3.8133693282860426,31.000452218767638
STX,2025-10-20,3,Downgraded - Wait,Watchlist Candidate,Wait - Daily Pullback Risk,83,30,-4.880213086896434,True,-19.042402761297627,-2.3279125043176196,False,True,6.0,6.313964681880571,19.390488068822776,61.88684255094397
STX,2025-12-17,2,Watchlist Candidate,Watchlist Candidate,Clean,81,30,-3.6372508273098902,False,-10.125270941926612,-7.115622432685376,False,True,7.0,5.371098578664828,12.994797308275574,42.54073171103228
STX,2026-01-20,1,Actionable Momentum Candidate,Momentum Candidate,Clean,90,30,-0.07357408695399803,False,-3.0282365430394753,1.4028801461745344,False,False,4.0,5.944092674646951,22.29598299754507,67.42920913926669
STX,2026-02-19,1,Actionable Momentum Candidate,Momentum Candidate,Clean,87,30,-3.5766522619443353,False,-11.062542519639418,0.42234529667357634,True,True,6.0,7.817723523784559,2.0219372545308367,86.33274594236502
STX,2026-03-20,2,Watchlist Candidate,Watchlist Candidate,Clean,79,30,-5.377357291527762,False,-6.481249695938107,7.17208833340266,False,False,6.0,6.342991633457033,33.30952962239584,160.48572358630952
AEIS,2019-10-25,1,Actionable Momentum Candidate,Momentum Candidate,Clean,93,25,2.814972968750573,False,-1.4478401959391207,12.636331670064127,False,False,6.0,3.377055512677741,5.387432177168394,21.699373435650603
AEIS,2019-12-02,1,Actionable Momentum Candidate,Momentum Candidate,Clean,86,30,-1.6352581405260636,False,-12.593415471621894,4.138496716215578,True,True,7.0,3.704876754656561,16.12694813771922,2.1049272783165707
AEIS,2020-01-02,1,Actionable Momentum Candidate,Momentum Candidate,Clean,100,30,0.7303431106028713,False,-0.5684126553816227,0.3357552497180283,False,True,4.0,2.0317107380550072,1.1816655129524234,-35.720383116401386
AEIS,2020-02-03,1,Actionable Momentum Candidate,Momentum Candidate,Clean,100,30,1.6156665913253931,True,-8.732506500465343,-0.7679461472571147,True,False,2.0,3.5397690147082197,-13.02068776097791,-26.758622794315734
AEIS,2020-07-13,2,Watchlist Candidate,Watchlist Candidate,Clean,76,30,-0.1882381378708775,False,-3.6617786650362194,0.4517597583587829,False,False,7.0,3.880748252102416,13.312024396323174,2.310716500071397
AEIS,2020-08-11,1,Actionable Momentum Candidate,Momentum Candidate,Clean,87,30,-2.4033022701388185,False,-4.810160255466878,4.07101324919954,False,True,5.0,3.8677873294041465,-26.277561393922543,10.50082545633444
AEIS,2020-10-09,2,Watchlist Candidate,Watchlist Candidate,Clean,77,30,3.5294140086454595,False,-0.15600710114720417,14.063512854021454,False,False,7.0,3.3522715863751094,21.732409094477777,59.83432978883727
AEIS,2020-11-09,2,Watchlist Candidate,Watchlist Candidate,Clean,77,30,3.8691849516687693,False,-3.783847712142585,24.26196704118999,False,False,6.0,3.9746616915862507,12.469695157197581,21.683406820173023
AEIS,2020-12-09,1,Actionable Momentum Candidate,Momentum Candidate,Clean,95,30,-4.8079723257194455,False,-6.722203028394014,-2.5802522820084883,False,True,4.0,3.6238582090724574,17.686583613993957,9.933844141576763
AEIS,2021-01-11,1,Actionable Momentum Candidate,Momentum Candidate,Clean,100,30,1.416351601313104,False,-1.0602252749966734,16.185326008886047,True,True,5.0,3.2273052506193673,-8.244820799565321,-0.17412236390338398
AEIS,2021-04-23,1,Actionable Momentum Candidate,Momentum Candidate,Clean,98,30,3.1452071728338638,False,-4.854529594456158,-0.2826568146078734,False,False,7.0,3.869611010968844,-14.732712630586464,-13.590248373249047
AEIS,2022-09-09,1,Actionable Momentum Candidate,Momentum Candidate,Clean,86,17,1.7916590835666213,True,-9.625780025269503,1.7449163499211107,False,False,2.0,3.3655166285475664,-15.012383384713978,2.970964856532876
AEIS,2022-12-02,2,Watchlist Candidate,Watchlist Candidate,Clean,76,12,-0.493932243142825,False,-2.277764020249151,1.9023484507312505,False,False,6.0,3.0430545598691134,-6.162679874974774,0.7364889978233036
AEIS,2023-01-04,2,Watchlist Candidate,Watchlist Candidate,Clean,82,17,1.2859462968761948,True,-10.974106389915839,3.179704811397599,False,False,5.0,3.3760404403200273,14.450605217752122,5.251619441148603
AEIS,2023-02-03,1,Actionable Momentum Candidate,Momentum Candidate,Clean,100,30,-0.2815755957587207,False,-1.8217785523669594,6.1215764889239965,True,True,4.0,3.249438611030812,-4.868563639429668,-11.097472483027381
AEIS,2023-03-07,1,Actionable Momentum Candidate,Momentum Candidate,Clean,95,30,-0.7257981507696631,True,-6.48501609452472,-0.07520379614008865,True,True,3.0,2.8314917475058228,-2.5851919166398396,7.392370605518495
AEIS,2023-05-25,2,Watchlist Candidate,Watchlist Candidate,Clean,73,25,5.527427020535991,False,-0.1325555764479458,6.041578382611323,False,False,5.0,2.2302284976785756,10.785713974310429,14.816323105169804
AEIS,2023-06-27,2,Watchlist Candidate,Watchlist Candidate,Clean,83,30,3.1641979272607923,False,-0.595130487652562,0.6956037860534448,False,True,6.0,2.58424546036769,11.542032457135099,-8.4338434225671
AEIS,2023-07-27,1,Actionable Momentum Candidate,Momentum Candidate,Clean,100,30,2.822445350186742,False,-1.7087698304379395,3.2640466513694344,False,False,5.0,2.787747044187606,-7.6569568714735965,-27.952398838829307
AEIS,2023-08-25,1,Actionable Momentum Candidate,Momentum Candidate,Clean,91,30,0.12457678685713347,True,-10.966925867674615,1.0235225514098722,True,True,3.0,3.0140676434320937,-12.376804716284129,-14.392257373495354
AEIS,2024-10-17,2,Watchlist Candidate,Watchlist Candidate,Clean,76,20,0.2799396730796877,False,-2.2963228279585635,3.3696385891266,True,False,4.0,2.9137460240731805,-2.128234681072483,14.05705174220766
AEIS,2024-12-16,1,Actionable Momentum Candidate,Momentum Candidate,Clean,94,30,4.692032027575688,False,-1.0482143666756483,3.657405062401997,False,False,2.0,2.523746561292731,-0.3618378433658975,-12.968747402100156
AEIS,2025-01-17,1,Actionable Momentum Candidate,Momentum Candidate,Clean,95,30,1.2535516915373357,False,-5.858580780825573,2.3656666418713446,True,False,4.0,3.5171910731300993,7.2045611717656,-29.877748121036152
AEIS,2025-02-19,1,Actionable Momentum Candidate,Momentum Candidate,Clean,100,30,3.795462638513425,False,-0.07596938922767027,18.121401369591418,False,False,7.0,3.312952347477767,-19.34918393038587,-9.602193535213244
AEIS,2025-06-16,2,Watchlist Candidate,Watchlist Candidate,Clean,72,20,2.003256533662956,False,-3.453062407315566,-0.37381787016169676,False,False,5.0,2.8489321349436105,15.123400437911716,27.464102678183245
AEIS,2025-07-17,1,Actionable Momentum Candidate,Momentum Candidate,Clean,100,30,2.3741196399836406,False,-1.2522468816022814,-0.6196904469480291,False,False,2.0,2.6558634011279967,5.073216562135108,31.83427825788232
AEIS,2025-08-15,2,Watchlist Candidate,Watchlist Candidate,Clean,83,30,-6.47971186158075,False,-7.156443799338186,0.3845554595544032,True,True,6.0,4.312606498735513,4.379131539031356,33.96302212726072
AEIS,2025-09-24,1,Actionable Momentum Candidate,Momentum Candidate,Clean,94,30,-3.295765437524334,False,-4.746761805432731,8.226130641117702,True,True,7.0,3.0596699323053764,17.94567152596329,29.29322952555351
AEIS,2025-10-23,1,Actionable Momentum Candidate,Momentum Candidate,Clean,97,30,4.179350611405064,False,-2.352361639313605,3.225469206569964,False,False,6.0,4.132287728247263,-2.487562189054726,30.860695910097945
AEIS,2026-01-22,1,Actionable Momentum Candidate,Momentum Candidate,Clean,97,30,2.442381904914037,False,-0.4623437786085094,15.83439024556068,False,False,7.0,4.654767444572024,20.649335835366788,40.15536688414079
AEIS,2026-02-26,1,Actionable Momentum Candidate,Momentum Candidate,Clean,100,30,-0.342679279384539,False,-2.859362102823537,5.211449192765172,True,True,7.0,4.644603556772005,-6.273370716047532,-4.367237028878668
PPLI,2019-09-06,1,Actionable Momentum Candidate,Momentum Candidate,Clean,89,30,-0.04083479036979254,True,-6.88855229423554,-3.724533230781657,True,False,5.0,2.9226204360126995,-7.507725418273337,-11.928582298394518
PPLI,2019-12-23,2,Watchlist Candidate,Watchlist Candidate,Clean,71,17,-0.19931292780844823,False,-0.9926906101632049,8.566759766167898,False,False,4.0,2.407347979973274,7.555335961143883,-27.824060941865923
PPLI,2020-06-05,1,Actionable Momentum Candidate,Momentum Candidate,Clean,95,25,0.982408190777373,False,-1.1182458892662561,5.311241344889628,False,False,6.0,3.2306285667678902,35.26549308977598,39.78834491880063
PPLI,2020-07-07,1,Actionable Momentum Candidate,Momentum Candidate,Clean,100,30,1.9644438009490006,False,-0.6210724018976266,20.670944710558594,False,False,4.0,4.272514222276656,5.387760621665949,-0.3932688036800358
PPLI,2020-08-05,1,Actionable Momentum Candidate,Momentum Candidate,Clean,100,30,0.10458883377655326,False,-1.4779428375968018,2.666459882983707,False,False,1.0,3.2856932571629827,-3.4079925127594834,-6.153726619405441
PPLI,2020-09-03,3,Downgraded - Wait,Watchlist Candidate,Wait - Daily Pullback Risk,90,30,-5.565256740747515,True,-5.914328135772495,-0.9764300860447661,True,True,0.0,3.1848761584258147,-1.8218536832125265,10.341877016775957
PPLI,2020-10-05,1,Actionable Momentum Candidate,Momentum Candidate,Clean,86,30,2.542513402424751,False,-1.6388370140550057,7.385737918913349,False,False,0.0,3.386202739167874,-0.363403536724316,51.20872424686085
PPLI,2020-11-03,1,Actionable Momentum Candidate,Momentum Candidate,Clean,86,30,2.18766054260342,False,-2.91739856731289,-1.0590659147852066,False,False,0.0,3.3876477976786203,10.264948891350944,82.76263605861898
PPLI,2020-12-03,1,Actionable Momentum Candidate,Momentum Candidate,Clean,99,30,0.793140135678394,False,-2.58710000287965,0.4516861552200213,False,True,3.0,3.0664650029008467,34.19337672278024,55.59840489390624
PPLI,2021-01-05,1,Actionable Momentum Candidate,Momentum Candidate,Clean,92,30,-1.5938293328473185,False,-2.842636496355544,3.4259171346539885,False,True,6.0,3.9454784264081595,27.236934360058452,24.62649783100048
PPLI,2021-02-04,1,Actionable Momentum Candidate,Momentum Candidate,Clean,100,30,-0.8989649460394378,False,-3.5724439544486786,11.016471244177906,False,False,5.0,3.7014712183030642,-6.0295571563991786,-2.3245962720567115
PPLI,2021-03-08,1,Actionable Momentum Candidate,Momentum Candidate,Clean,87,30,-5.722174882500175,True,-16.567671590618517,-12.002382398979993,False,False,6.0,5.342740224804066,0.4652143388142571,3.3802564899183984
PPLI,2021-04-07,2,Watchlist Candidate,Watchlist Candidate,Clean,78,30,1.346491606674638,False,-8.32374367956319,12.169904666984511,False,False,6.0,4.80386338889584,-1.0339310615475328,-7.191730854329537
PPLI,2021-05-07,2,Watchlist Candidate,Watchlist Candidate,Clean,72,30,4.64712527577924,True,-7.658178729727883,-4.761913165339948,False,False,6.0,4.172770397307865,1.4081361762052769,-18.15489813949901
PPLI,2021-06-08,2,Watchlist Candidate,Watchlist Candidate,Clean,74,30,1.8710515164669372,False,-10.026794762586022,1.9548314785233334,False,False,7.0,4.376113971782404,-10.809794664074301,-16.637237831248896
PPLI,2023-06-27,2,Watchlist Candidate,Watchlist Candidate,Clean,73,0,2.5241722568793756,False,-1.4495071551122507,3.081736363102028,False,False,4.0,2.505310727853465,5.641682579522045,-20.089497455999282
PPLI,2023-07-27,2,Watchlist Candidate,Watchlist Candidate,Clean,77,22,0.09085470598226841,False,-5.076469651373183,-1.1071227685582885,False,False,2.0,2.3001944275127757,-19.434946952376244,-35.56877486904478
NVNI,2023-03-10,2,Watchlist Candidate,Watchlist Candidate,Clean,84,25,-0.5645897970245173,True,-0.659650881526952,-0.5645897970245173,True,True,0.0,0.12236011966035229,0.0,0.8628896166357425
NVNI,2023-05-16,2,Watchlist Candidate,Watchlist Candidate,Clean,73,25,0.0,False,-0.47664441632696564,0.0,False,False,0.0,0.006841712688803108,0.6704951513517576,2.0114927619043543
DUOT,2021-04-05,2,Watchlist Candidate,Watchlist Candidate,Clean,84,30,0.934583021049562,False,-18.796992211635953,3.3492860082103615,True,True,7.0,12.502646730012925,-17.221708926488198,-5.179390352061997
DUOT,2021-05-04,1,Actionable Momentum Candidate,Momentum Candidate,Clean,88,30,-0.6843297106693291,True,-21.756520478621777,-5.0843820733363465,True,False,3.0,7.818403945673361,6.553007523916032,-18.934473989435507
DUOT,2021-06-03,2,Watchlist Candidate,Watchlist Candidate,Clean,84,30,1.9887780597139137,False,-4.761904761904767,15.207369221371092,False,False,3.0,8.379998888288226,4.852494813971409,-35.05595245094302
DUOT,2021-07-02,1,Actionable Momentum Candidate,Momentum Candidate,Clean,92,30,0.45808898915171703,False,-6.299998543479224,-4.564815016767454,True,True,2.0,5.584275964995292,-26.064141595334945,-39.55296585762523
DUOT,2023-06-02,2,Watchlist Candidate,Watchlist Candidate,Clean,80,22,-1.5985817186227158,False,-7.357860465168198,20.434784276273653,False,False,3.0,7.185405760512606,4.72854604418067,-1.225922437718474
DUOT,2025-03-24,2,Watchlist Candidate,Watchlist Candidate,Clean,83,30,0.16207053356609435,False,-11.651180422504314,-4.48222521262921,False,False,7.0,8.526352908910113,0.08149368243253186,18.98940372273401
DUOT,2025-04-24,2,Watchlist Candidate,Watchlist Candidate,Clean,84,30,4.234531507093564,False,-2.2900777251825155,12.676061422336439,False,False,5.0,9.864954929150247,32.18749862629922,24.999998137354872
DUOT,2025-05-23,1,Actionable Momentum Candidate,Momentum Candidate,Clean,91,30,17.827301398481076,False,-3.015012581548282,4.832718191710517,False,True,7.0,9.247718770624596,-13.860247706265671,-28.980525379536182
DUOT,2025-10-21,2,Watchlist Candidate,Watchlist Candidate,Clean,70,30,3.5799544944860484,False,-9.583333747254464,0.11534289266246223,False,False,6.0,7.132981764040014,3.391812343668521,30.994146893726658
DUOT,2026-01-27,1,Actionable Momentum Candidate,Momentum Candidate,Clean,85,30,6.028709339136551,False,-8.956451485247829,3.069766732149337,False,True,7.0,6.340253390628224,-21.797151771840372,-25.35586731165823
LASR,2020-02-11,2,Watchlist Candidate,Watchlist Candidate,Clean,71,22,3.7190046004932364,False,-8.602637454338014,4.474509058665865,False,False,3.0,4.880478540421265,-48.10810701884601,10.270270827567153
LASR,2020-05-26,2,Watchlist Candidate,Watchlist Candidate,Clean,70,12,-6.484337487460678,False,-10.62394023340576,-3.019212392425885,False,True,4.0,7.917452087699682,3.6709990305493045,4.507431657625971
LASR,2020-06-24,3,Downgraded - Wait,Watchlist Candidate,Wait - Daily Pullback Risk,88,30,-2.7886765826629856,True,-15.747734699325356,-4.413027763118094,True,True,5.0,7.078503513548289,-0.9450904183711861,4.005406500900155
LASR,2020-07-24,3,Downgraded - Wait,Watchlist Candidate,Wait - Daily Pullback Risk,79,30,-3.4649080465520288,True,-8.558369306441438,-2.134279889378865,True,True,5.0,5.528329314019415,1.7186754874565224,2.6232469818861404
LASR,2020-08-24,3,Downgraded - Wait,Watchlist Candidate,Wait - Daily Pullback Risk,75,22,-1.7903923766022456,True,-14.258482029692399,-8.651506886713644,True,True,3.0,4.7268644139226925,2.7111138237847276,39.77778116861978
LASR,2020-09-23,2,Watchlist Candidate,Watchlist Candidate,Clean,84,30,-2.530571477389998,False,-5.673466896524237,2.256638142802858,False,False,4.0,5.2636454007302,-0.4387905987383922,49.97805586698407
LASR,2020-10-22,2,Watchlist Candidate,Watchlist Candidate,Clean,71,22,3.324232604823396,True,-6.950993147076723,-0.8304136087329272,False,False,4.0,4.972926590016065,38.424303316125496,55.457749833925504
LASR,2020-11-20,1,Actionable Momentum Candidate,Momentum Candidate,Clean,96,30,1.5826928067079526,False,-3.0517814601706883,12.602937412468872,False,False,4.0,7.013399160641863,8.13033737804676,29.86396217789884
LASR,2020-12-22,1,Actionable Momentum Candidate,Momentum Candidate,Clean,95,30,1.034580121718487,False,-6.790286305163318,-3.745418415159185,True,False,6.0,5.7999644582334335,3.033841751929822,-8.343053689751601
LASR,2021-01-25,1,Actionable Momentum Candidate,Momentum Candidate,Clean,100,30,-1.8343520172571015,False,-8.402493680176626,3.4866644871590635,False,False,4.0,5.966875716933661,15.601242403235748,-9.180508238876328
LASR,2023-02-16,2,Watchlist Candidate,Watchlist Candidate,Clean,73,0,0.8862620819583666,False,-1.3718449734616889,9.018357051257219,False,False,3.0,3.9264792693621917,-29.35578531241002,-0.7320602409403021
LASR,2023-06-07,2,Watchlist Candidate,Watchlist Candidate,Clean,77,12,3.9325872796185157,False,-1.0033419427692092,2.351315018609501,False,False,2.0,4.608590571097639,2.2388054873152985,-25.10176300351773
LASR,2023-07-10,1,Actionable Momentum Candidate,Momentum Candidate,Clean,88,22,1.1409401385656714,False,-5.279699312659158,-2.269781969766671,True,False,2.0,4.045407157195256,-26.793942114918202,-34.69387524470474
LASR,2025-06-13,1,Actionable Momentum Candidate,Momentum Candidate,Clean,100,30,-0.8791200038733793,False,-2.433741812662049,2.5000029802321633,False,True,6.0,4.880028184895963,6.633777450684208,62.99342058826021
LASR,2025-07-28,1,Actionable Momentum Candidate,Momentum Candidate,Clean,98,30,-0.2578609522145725,False,-5.00982528087488,-1.0235453099724512,False,True,7.0,3.9588550610885522,49.845521458015796,67.86816862022577
LASR,2025-08-26,1,Actionable Momentum Candidate,Momentum Candidate,Clean,100,30,1.8194557703002268,False,-1.5561538998085767,10.81492813341387,False,False,6.0,6.261413484647534,-4.169512316511403,10.35543630534448
LASR,2025-09-25,3,Downgraded - Wait,Watchlist Candidate,Wait - Daily Pullback Risk,88,30,-3.741840977143962,True,-13.027296973575053,-10.128204391474494,True,True,5.0,4.926125614548526,15.52090456180084,39.33380812031735
LASR,2025-10-24,1,Actionable Momentum Candidate,Momentum Candidate,Clean,100,30,1.3366500766259781,False,-2.8894883214809153,8.305641398564312,False,False,5.0,5.836986493998505,-2.7409633328319805,35.31625965264884
LASR,2025-11-24,2,Watchlist Candidate,Watchlist Candidate,Clean,83,30,6.462251885102521,False,-16.39046657541816,9.531890830815982,False,False,6.0,8.69773777977976,22.759916307706373,96.53450877940163
LASR,2025-12-24,1,Actionable Momentum Candidate,Momentum Candidate,Clean,97,30,-0.32953375310795785,False,-1.6754237447390574,13.444892867649717,False,False,6.0,4.499890329531691,14.956492149806323,64.58545721897259
LASR,2026-01-27,1,Actionable Momentum Candidate,Momentum Candidate,Clean,100,30,3.086272027293546,False,-7.006835106616083,-0.7182337302529374,False,False,5.0,6.078066217565687,39.88889058430989,46.177775065104164
LASR,2026-02-26,1,Actionable Momentum Candidate,Momentum Candidate,Clean,100,30,3.877891663350308,False,-0.047632231684535675,13.056753624133655,False,False,7.0,6.567230023818375,14.857142312186111,41.33928843906946
INFY,2019-09-06,1,Actionable Momentum Candidate,Momentum Candidate,Clean,100,30,-2.154095126605604,False,-2.2350952466440255,3.6874456859886218,True,False,2.0,1.8083934665132682,-4.078168880563037,-15.97281258558355
INFY,2019-10-10,2,Watchlist Candidate,Watchlist Candidate,Clean,74,22,0.17921557380944364,True,-5.812970404681694,0.17921557380944364,True,True,3.0,1.9741886456947688,-14.260404447450481,-5.668736452481893
INFY,2020-07-24,2,Watchlist Candidate,Watchlist Candidate,Clean,79,17,0.7352953780298099,False,-2.3752984007644473,0.4889931842212647,False,True,3.0,2.9139131636381603,0.8675051579639659,21.056782429288212
INFY,2020-08-24,1,Actionable Momentum Candidate,Momentum Candidate,Clean,100,30,1.5079331319920009,False,-1.8419015812476736,-0.6216000343233885,False,False,2.0,1.6642458379593674,7.430834485407134,17.86561499631423
INFY,2020-09-23,1,Actionable Momentum Candidate,Momentum Candidate,Clean,100,30,-1.8063583615875456,False,-1.8772579185607596,0.22123696196787446,True,True,1.0,2.139177281326682,16.996955147577108,26.37195174029936
INFY,2020-10-22,1,Actionable Momentum Candidate,Momentum Candidate,Clean,100,30,0.06519053965035049,False,-7.641398276982581,0.58977818635646,True,True,4.0,3.1177285663500007,-1.5841569449587034,18.28383186475877
INFY,2020-11-20,2,Watchlist Candidate,Watchlist Candidate,Clean,81,30,0.539446555074985,False,-3.992272351703796,-2.485285254342573,False,False,6.0,2.4240679877963314,8.366011222315638,15.555556109614699
INFY,2020-12-22,1,Actionable Momentum Candidate,Momentum Candidate,Clean,100,30,4.080349065147759,False,-0.9557936057332572,6.213967254085673,False,False,6.0,2.2359126994398335,6.0355058034751385,9.230766279023438
INFY,2021-01-25,1,Actionable Momentum Candidate,Momentum Candidate,Clean,93,30,-1.4301442492705263,False,-6.030412359379289,-1.3758943255381184,True,True,5.0,2.3836095012661955,-1.3392844313413588,0.5022329922138136
INFY,2021-02-24,2,Watchlist Candidate,Watchlist Candidate,Clean,75,30,1.7261286472694426,False,-2.6431693076513496,0.4545450112051208,False,False,6.0,1.9553983421108974,5.185184541150578,6.723648754832756
INFY,2021-04-09,1,Actionable Momentum Candidate,Momentum Candidate,Clean,96,30,1.1387226924339133,False,-0.10224208057807438,2.7880098909219386,False,False,7.0,1.5828336455725278,-4.025084078384156,11.552540976341197
INFY,2021-05-19,2,Watchlist Candidate,Watchlist Candidate,Clean,71,30,0.9857628856492218,False,-1.12600047596787,3.3632308090686402,True,True,6.0,1.4719557771745786,9.490238336858248,27.331881031511497
INFY,2021-06-18,1,Actionable Momentum Candidate,Momentum Candidate,Clean,93,30,-2.322203872591322,False,-2.6518767749769134,-1.7039939915734936,True,True,5.0,1.5354156087998772,2.7477988044723345,12.11973170959746
INFY,2021-07-20,1,Actionable Momentum Candidate,Momentum Candidate,Clean,85,30,1.453493959692853,False,-4.2524017809245755,-0.522559178098525,False,False,5.0,1.6782670146703835,11.916110841504413,13.346049597247589
INFY,2021-08-18,1,Actionable Momentum Candidate,Momentum Candidate,Clean,100,30,-0.339558257722794,False,-1.6338553970892788,2.1313604871529446,False,False,5.0,1.5088821105571981,-1.973398090998446,3.088808396392717
INFY,2021-09-17,2,Watchlist Candidate,Watchlist Candidate,Clean,76,30,-1.0394100023046748,True,-5.343823698404404,-0.6089577687787395,True,True,7.0,1.4504542441022474,4.527475545694548,5.978024660885994
INFY,2021-12-02,2,Watchlist Candidate,Watchlist Candidate,Clean,81,30,4.456327879681998,False,-2.6982134263724644,3.6709416245042314,False,False,7.0,2.0630187136958753,9.256052387407232,-2.854678766450369
INFY,2022-01-03,1,Actionable Momentum Candidate,Momentum Candidate,Clean,100,30,-0.19754736513458715,False,-1.3281255762558342,-0.2763509476314985,True,True,2.0,1.8012675853588935,-5.861384325688423,-2.0198028866607376
INFY,2023-12-08,2,Watchlist Candidate,Watchlist Candidate,Clean,76,12,1.4172336091275994,False,-0.22309489596492593,0.9024244305870344,False,False,4.0,1.3894425271957493,1.628303897941752,9.039868942333928
INFY,2024-01-10,2,Watchlist Candidate,Watchlist Candidate,Clean,73,17,-0.8219157179740977,True,-4.6364551211307115,0.33259125774622866,True,True,3.0,1.7797940909557788,7.832623603153599,-3.7553587902988794
INFY,2024-02-09,1,Actionable Momentum Candidate,Momentum Candidate,Clean,99,30,-0.4457659742805542,False,-3.085821584914772,-1.228501205472432,True,True,2.0,1.5529491289795077,-3.33499288802962,-16.02787102487756
INFY,2024-07-26,1,Actionable Momentum Candidate,Momentum Candidate,Clean,94,30,3.5438467902511928,False,-0.6538780080130313,5.119928942466689,False,False,3.0,2.5073658828966177,-0.839587422691479,-2.562969267412063
INFY,2024-08-26,1,Actionable Momentum Candidate,Momentum Candidate,Clean,86,30,0.4476292783648139,False,-1.0582000347830411,0.8086266995731339,False,False,6.0,1.2191251741952152,0.0,1.0195099956991749
INFY,2024-09-25,2,Watchlist Candidate,Watchlist Candidate,Clean,76,30,-0.08857598685230172,True,-3.918228680707725,0.35587155398177917,True,True,4.0,1.5070929106233826,-4.338394937524193,-1.2147452866145159
INFY,2024-11-11,2,Watchlist Candidate,Watchlist Candidate,Clean,71,30,1.3333375426544558,False,-5.326459340825906,6.370664314269936,False,False,6.0,1.6398753097463334,6.085377496508815,-1.2715743906662191
INFY,2024-12-11,2,Watchlist Candidate,Watchlist Candidate,Clean,83,30,0.516354735005331,False,-0.6380247429602304,3.7300183637354323,False,False,6.0,1.9661198109783962,-3.6799340156967397,-20.53915691928847
INFY,2025-01-14,1,Actionable Momentum Candidate,Momentum Candidate,Clean,87,22,-0.7933023399695482,True,-4.739733269835755,-1.0549440488710538,True,False,2.0,1.5897702879002136,-4.313378397244483,-25.04400879697424
LITE,2019-09-06,1,Actionable Momentum Candidate,Momentum Candidate,Clean,91,30,1.0692385951081684,False,-6.517510437538599,2.652664637775559,False,False,5.0,3.4093958502252053,-8.982757042194233,24.327587259226835
LITE,2019-11-01,1,Actionable Momentum Candidate,Momentum Candidate,Clean,98,25,3.9977674341132197,False,-0.7841038173805437,15.643305554754484,False,False,5.0,2.9344195884105995,9.359755384858182,31.890241852975286
LITE,2019-12-03,1,Actionable Momentum Candidate,Momentum Candidate,Clean,95,30,-3.1325948842878537,False,-3.7563764654778065,1.1990386252496155,True,True,4.0,2.6005611976044083,12.422790997000078,19.423475390882118
LITE,2020-01-03,1,Actionable Momentum Candidate,Momentum Candidate,Clean,100,30,-0.9673463747090105,False,-0.9793224127187972,2.9541148761391023,True,False,3.0,2.2856250964570104,7.1720463834658466,-17.18072856414763
LITE,2020-02-04,1,Actionable Momentum Candidate,Momentum Candidate,Clean,100,30,12.043505925081366,False,-0.4143653565060412,11.294055853568219,False,False,6.0,3.593470913965195,-0.8660005899392642,-6.517776984353219
LITE,2020-03-05,1,Actionable Momentum Candidate,Momentum Candidate,Clean,91,30,2.124659592349065,False,-6.682401729711263,16.310155682480932,False,False,7.0,5.254269429224074,-20.129015241199056,-8.61306792895431
LITE,2020-05-06,2,Watchlist Candidate,Watchlist Candidate,Clean,81,30,-1.9258920202615992,False,-5.496829150488325,-4.679545558899001,True,False,7.0,5.159440083548658,-2.4996947681294124,15.353508988587784
LITE,2020-06-08,2,Watchlist Candidate,Watchlist Candidate,Clean,71,30,-1.784589888640753,False,-5.558910542744522,5.167546889309604,True,True,4.0,4.63924777197766,6.11849462899301,-1.4457244467975028
LITE,2020-07-15,2,Watchlist Candidate,Watchlist Candidate,Clean,70,30,2.4184604291972223,False,-3.8985202632651594,0.45007024778316307,False,False,7.0,4.420389739228763,16.004431036665668,2.177385438715529
LITE,2020-08-13,1,Actionable Momentum Candidate,Momentum Candidate,Clean,91,30,1.4305709514807585,False,-2.5171835873572967,0.6510839945095048,False,False,5.0,3.862367853770829,-21.907106898396457,-8.732880403365028
LITE,2020-12-07,2,Watchlist Candidate,Watchlist Candidate,Clean,78,30,2.41854632309475,False,-1.1989636945321736,5.892572504201765,False,False,4.0,2.5148767769807985,14.930789352342156,-6.646886009113196
LITE,2021-01-14,2,Watchlist Candidate,Watchlist Candidate,Clean,81,30,-0.9786588151718956,False,-5.210567337506089,1.5581658005044297,True,True,7.0,3.306665708615168,-11.529432478642033,-12.505867456267083
LITE,2021-03-15,2,Watchlist Candidate,Watchlist Candidate,Clean,74,22,1.871050507072658,False,-5.765828586738042,9.009761502064006,False,False,5.0,3.945168642292728,1.4481620106714388,-9.840922732356072
LITE,2022-02-11,2,Watchlist Candidate,Watchlist Candidate,Clean,70,22,-2.6527660690386146,True,-11.574704760204312,4.325216777342122,True,True,7.0,4.947967636583004,-6.277125255161131,-4.646977170448441
LITE,2024-10-11,1,Actionable Momentum Candidate,Momentum Candidate,Clean,100,30,1.6989559099440443,False,-0.8283675556576608,-0.8139609929479152,False,False,7.0,3.5301874665660953,26.266745537809545,23.878860589700658
LITE,2024-11-11,1,Actionable Momentum Candidate,Momentum Candidate,Clean,100,30,3.422782109492606,False,-3.3221804112864683,35.14103739318908,False,False,3.0,4.047096252783917,2.5104556133553446,-9.19340257780249
LITE,2024-12-11,1,Actionable Momentum Candidate,Momentum Candidate,Clean,100,30,1.4142758540588218,False,-8.048375070968806,-7.06006793457179,True,False,5.0,4.634273455847689,-5.329921852828157,-23.990213117923
LITE,2025-01-14,1,Actionable Momentum Candidate,Momentum Candidate,Clean,96,30,1.6001958460341914,True,-11.60519290280032,-5.92658167366168,False,False,4.0,4.15659220487422,-11.366992738530223,-40.22688858236678
LITE,2025-06-23,2,Watchlist Candidate,Watchlist Candidate,Clean,81,30,-0.5576622569460121,False,-1.643682116590106,8.11860501004178,True,True,3.0,4.327452128032804,13.150891686521327,82.48393841744925
LITE,2025-07-25,1,Actionable Momentum Candidate,Momentum Candidate,Clean,100,30,1.6237221134869584,False,-0.9007343952227465,2.2500444090167493,False,True,3.0,3.7329142470480075,17.52047430397028,60.445634532520856
LITE,2025-08-25,1,Actionable Momentum Candidate,Momentum Candidate,Clean,95,30,3.4188050580317375,False,-5.046928584568244,3.7317151510678492,False,False,6.0,4.528786724906304,22.799260993252844,105.4747146812515
LITE,2025-10-21,1,Actionable Momentum Candidate,Momentum Candidate,Clean,95,30,1.2111782287218542,False,-8.707904285938872,3.9354498131046523,True,True,7.0,6.0403709855615455,63.44740498568162,115.45614347806166
LITE,2025-11-19,1,Actionable Momentum Candidate,Momentum Candidate,Clean,91,30,8.685293371087987,False,-4.032541483028829,5.953278442332577,False,False,7.0,8.687714619772839,32.653568812779014,140.97499302455358
LITE,2026-03-02,1,Actionable Momentum Candidate,Momentum Candidate,Clean,100,30,11.747589563615723,False,-0.07016940565633956,16.08347378544803,False,False,7.0,6.809083255793739,-3.3408951839856815,24.475622748748794
UIS,2019-12-27,2,Watchlist Candidate,Watchlist Candidate,Clean,83,22,0.6932402423787343,False,-6.816362175365487,0.08613461823907542,False,False,1.0,3.05507823312685,-15.71675049063167,1.0362684486156404
UIS,2020-02-07,2,Watchlist Candidate,Watchlist Candidate,Clean,77,22,1.7283874451254677,False,-8.393553352379957,69.72193076717352,True,False,7.0,6.419036007853064,-30.12781905658336,-30.371275910570304
UIS,2020-11-27,1,Actionable Momentum Candidate,Momentum Candidate,Clean,89,30,1.0245875342392852,False,-1.6622340467692287,6.097563895668023,True,False,6.0,3.245435321652019,34.04256071181153,70.35003579060583
UIS,2020-12-29,1,Actionable Momentum Candidate,Momentum Candidate,Clean,100,30,0.5146699943339161,False,-0.35714129317261367,6.546649034010632,False,False,5.0,3.0795112940748237,21.88774961573252,29.69387541607691
UIS,2021-01-29,1,Actionable Momentum Candidate,Momentum Candidate,Clean,92,30,-1.2401865968824644,False,-8.781982044705373,0.5471345097403546,True,False,5.0,5.2054075268360975,3.416665395100904,0.0
UIS,2021-03-02,2,Watchlist Candidate,Watchlist Candidate,Clean,77,30,-1.2335832721648399,True,-7.52608213964151,3.287552998771859,False,False,7.0,5.269367383367507,2.4174068849599717,4.270747296437016
UIS,2021-04-15,2,Watchlist Candidate,Watchlist Candidate,Clean,75,30,2.6035496547548442,False,-6.807594514216541,5.346292694499533,False,False,7.0,3.3723305303678925,-2.9736896412861036,-13.343500042248168
UIS,2021-05-14,2,Watchlist Candidate,Watchlist Candidate,Clean,83,30,5.295824090215606,False,-2.862595336489049,6.619186712005143,False,False,5.0,4.790906310160039,5.559966646396353,-4.4082628947522355
UIS,2021-06-15,1,Actionable Momentum Candidate,Momentum Candidate,Clean,90,30,-0.8578871570978697,False,-7.062938569303146,-5.577263645114716,True,True,5.0,3.160270438377011,-14.096748568767637,-11.942554636241354
UIS,2021-10-07,1,Actionable Momentum Candidate,Momentum Candidate,Clean,88,30,2.390277006509045,False,-1.247165287695362,3.937946679210347,False,False,1.0,3.4333830235329876,-18.126194417835983,-21.10898867414177
UIS,2024-01-02,2,Watchlist Candidate,Watchlist Candidate,Clean,73,12,1.4234862159271389,False,-4.8414018853775715,2.7026957364917115,True,True,7.0,5.563909434781594,26.958107117954413,0.0
UIS,2024-02-01,2,Watchlist Candidate,Watchlist Candidate,Clean,73,22,3.412463306884206,False,-10.296012776044684,-6.442953441106636,True,True,6.0,5.339208076759702,-22.886299433015612,-23.61516517298241
UIS,2025-01-10,3,Downgraded - Wait,Watchlist Candidate,Wait - Daily Pullback Risk,71,22,-3.091187260443673,True,-13.037448713551559,-3.091187260443673,True,True,5.0,4.294829056811644,14.215684670386297,-37.4183007299816
LDOS,2019-09-06,1,Actionable Momentum Candidate,Momentum Candidate,Clean,100,30,-1.3510436302243245,False,-1.5505587117055852,0.4816580424757744,False,True,3.0,1.824437031766823,-4.534057624614318,2.4720872626135426
LDOS,2019-10-07,2,Watchlist Candidate,Watchlist Candidate,Clean,78,22,0.20328327624439257,True,-5.042489459764521,-2.421977489731897,False,False,4.0,1.9237967621974519,0.04811272049676241,20.26701779867832
LDOS,2019-11-06,2,Watchlist Candidate,Watchlist Candidate,Clean,76,30,2.3443098594468914,False,-3.2063670183908766,-1.7995214489037403,True,True,2.0,2.2025132333338195,5.848024096312576,28.52807629715295
LDOS,2019-12-06,1,Actionable Momentum Candidate,Momentum Candidate,Clean,94,30,0.8115657384109021,False,-1.8827070961295433,-0.17612950150253104,False,True,1.0,1.5588569576631948,10.243963775070707,13.467275715667393
LDOS,2020-01-08,1,Actionable Momentum Candidate,Momentum Candidate,Clean,100,30,-0.12000712046317252,False,-1.1970706990043878,2.0226819586056433,False,False,1.0,1.594931818311042,10.275415416145073,-4.416621031654611
LDOS,2020-02-07,1,Actionable Momentum Candidate,Momentum Candidate,Clean,100,30,0.13641462998164045,False,-2.7296788173090225,9.594903227354589,True,True,1.0,2.142014095607477,-6.571528765807056,-6.653335682759753
LDOS,2020-05-27,2,Watchlist Candidate,Watchlist Candidate,Clean,83,25,0.49877959533541905,False,-1.7872456907919942,5.050094517294945,True,True,5.0,2.837402440890728,-10.493286515554711,-12.520507819116988
LDOS,2021-01-11,2,Watchlist Candidate,Watchlist Candidate,Clean,84,30,-0.6401736813452907,False,-2.5124218160491263,1.5130763231383737,False,False,2.0,2.2818139904880597,5.540003696511953,-3.9185383019755715
LDOS,2022-04-08,1,Actionable Momentum Candidate,Momentum Candidate,Clean,100,30,-0.07402778873007998,False,-1.7200577328824518,-0.2862467029111082,False,False,7.0,1.939333529838717,-6.536787333810079,-7.847844327945497
LDOS,2022-05-10,1,Actionable Momentum Candidate,Momentum Candidate,Clean,91,22,1.8615477506988887,True,-8.900287207698653,-1.258284557523015,True,False,3.0,2.5458292032704555,1.650848268573979,-2.4911073361347014
LDOS,2022-06-09,1,Actionable Momentum Candidate,Momentum Candidate,Clean,91,22,-1.0393627109922865,True,-4.174816726738695,-2.669190396683019,True,True,1.0,2.088052926529529,-1.9066363060503688,-5.955771556357492
LDOS,2022-07-12,2,Watchlist Candidate,Watchlist Candidate,Clean,76,17,-1.3735172248664607,True,-2.8707712303526978,0.2309657795842135,False,True,5.0,2.5255123412587515,-0.15183877364994824,-6.984514082329962
LDOS,2022-12-30,1,Actionable Momentum Candidate,Momentum Candidate,Clean,95,30,0.1523409158992628,True,-5.15733570628063,0.3912995484691484,True,True,3.0,1.8931726675768656,-6.346924479729843,-10.779247783761658
LDOS,2023-11-10,1,Actionable Momentum Candidate,Momentum Candidate,Clean,100,17,1.0145360392688652,False,-1.6712511135105523,-0.3752158750124024,False,False,2.0,2.239773764487034,5.364395032737601,17.224047798680743
LDOS,2023-12-12,1,Actionable Momentum Candidate,Momentum Candidate,Clean,100,30,0.6462972887226082,False,-2.136634586999686,-0.8999980579723066,False,False,1.0,1.315083449769241,1.0361314029971425,17.174036105099553
LDOS,2024-01-12,1,Actionable Momentum Candidate,Momentum Candidate,Clean,98,30,1.2589622775446507,False,-0.39771745723162777,1.3334601858768558,False,False,2.0,1.2050606288235992,10.364909867058714,13.640911772706389
LDOS,2024-02-13,1,Actionable Momentum Candidate,Momentum Candidate,Clean,100,30,5.865922978276994,False,-0.9959193638392816,8.131236465239589,False,False,2.0,1.7244637163584913,4.806036738854025,20.232925232997513
LDOS,2024-03-14,1,Actionable Momentum Candidate,Momentum Candidate,Clean,100,30,-0.218635428030034,False,-1.994016785253172,-1.5409449680733989,True,True,0.0,1.3509891018288038,-1.2650269299885442,13.970580384699293
LDOS,2024-04-15,1,Actionable Momentum Candidate,Momentum Candidate,Clean,99,30,-0.6760566935662515,True,-5.034222620974926,-3.373574786776612,False,True,1.0,1.5060164701748713,16.515662421787635,20.656491755530237
LDOS,2024-05-14,1,Actionable Momentum Candidate,Momentum Candidate,Clean,100,30,0.3491065633579815,False,-0.8119059022089203,2.6251311443995062,True,True,1.0,1.7647631900568488,-1.7047392458568233,0.47050969664090836
LDOS,2024-06-13,1,Actionable Momentum Candidate,Momentum Candidate,Clean,86,30,-0.297418681093109,True,-4.738311578568643,-0.06240404412903855,True,False,1.0,1.4563218448858928,6.324414383316435,8.908811688929319
LDOS,2024-07-16,1,Actionable Momentum Candidate,Momentum Candidate,Clean,94,30,1.9132590737599875,False,-0.5242140413854068,4.660458024550196,False,False,2.0,1.563983904229476,-2.9444709127130153,11.079644025240686
LDOS,2024-08-14,2,Watchlist Candidate,Watchlist Candidate,Clean,71,30,1.7400834734320858,False,-5.217112106507038,2.9054364261139165,False,False,7.0,2.4234516607296683,5.4022919315726,36.426493552378105
LDOS,2024-09-26,1,Actionable Momentum Candidate,Momentum Candidate,Clean,96,30,0.2721472631527,False,-1.1789012987101999,1.4991328033765905,True,True,7.0,1.5392134427597461,6.522289122732383,-7.999746040114097
LDOS,2024-10-25,1,Actionable Momentum Candidate,Momentum Candidate,Clean,100,30,-0.04738821935376114,False,-1.5407057459067564,-0.47781827405565247,False,False,2.0,1.4009674369311829,-3.668371701330253,-17.405639309831578
LDOS,2025-08-15,1,Actionable Momentum Candidate,Momentum Candidate,Clean,100,30,-0.453932721089112,False,-2.8707348314891745,0.6402293953611915,True,True,0.0,2.250664882193871,2.262803123582091,7.158067950413982
LDOS,2025-09-16,1,Actionable Momentum Candidate,Momentum Candidate,Clean,100,30,-0.08208498877656512,False,-1.7964696486580056,1.9829096106592559,True,True,0.0,1.627467448519914,2.1797530347516636,1.8401887714230236
LDOS,2025-10-15,1,Actionable Momentum Candidate,Momentum Candidate,Clean,86,30,-0.3737902132066817,True,-6.377956409541364,-5.882050474009293,False,True,1.0,2.2794976020618636,2.782855888876923,3.878801571063417
LDOS,2025-11-13,1,Actionable Momentum Candidate,Momentum Candidate,Clean,99,30,-0.8807361468309405,True,-7.022402025665942,-1.7662699115019942,True,True,4.0,2.8986593768174242,-2.6949288282511974,-15.473577383457105
LDOS,2026-01-05,1,Actionable Momentum Candidate,Momentum Candidate,Clean,95,30,6.551482091070371,False,-0.463334231975554,5.181321882701084,False,False,5.0,2.1338319188952277,-3.4631119941197386,-18.611681556884285
LDOS,2026-02-06,2,Watchlist Candidate,Watchlist Candidate,Clean,80,30,3.713458509304557,False,-3.985071893948222,2.5015969536882565,False,False,6.0,2.642253756954164,-11.223760804513184,-33.043435721332685
